Player_Name,Matches_Batted,Not_Outs,Runs_Scored,Balls_Faced,Centuries,Half_Centuries,Fours,Sixes,Catches_Taken,Stumpings,Matches_Bowled,Balls_Bowled,Runs_Conceded,Wickets_Taken,Four_Wicket_Hauls,Five_Wicket_Hauls,Highest_Score_Max,Boundary_Percentage,Batting_Strike_Rate,Batting_Average,Bowling_Strike_Rate,Economy_Rate,has_old_experience
Abdul Samad,10.214285714285714,2.4285714285714284,127.07142857142857,82.85714285714286,0.0,0.0,7.928571428571429,8.714285714285714,4.785714285714286,0.0,10.214285714285714,5.142857142857143,10.5,0.14285714285714285,0.0,0.0,45.0,0.20086206896551723,153.36206896551724,16.321100917431195,36.00000000000001,12.25,0
Abhishek Sharma,11.6875,0.5625,310.375,187.25,0.1875,1.6875,30.5,17.4375,4.125,0.0,11.6875,46.5,71.9375,1.1875,0.0,0.0,141.0,0.2560080106809079,165.7543391188251,27.89887640449438,39.1578947368421,9.28225806451613,0
Abishek Porel,10.333333333333334,1.0,220.33333333333334,147.0,0.0,1.0,21.666666666666668,9.0,3.0,0.0,10.333333333333334,0.0,0.0,0.0,0.0,0.0,65.0,0.20861678004535147,149.88662131519274,23.607142857142858,99.9,0.0,0
Adam Milne,1.75,0.25,4.0,4.25,0.0,0.0,0.0,0.25,0.5,0.0,1.75,32.25,47.0,0.75,0.0,0.0,15.0,0.058823529411764705,94.11764705882352,2.6666666666666665,43.0,8.744186046511627,1
Aiden Markram,12.23076923076923,1.9230769230769231,309.84615384615387,227.69230769230768,0.0,2.3076923076923075,23.76923076923077,12.538461538461538,6.923076923076923,0.0,12.23076923076923,39.46153846153846,59.69230769230769,1.3846153846153846,0.0,0.0,66.0,0.15945945945945947,136.0810810810811,30.059701492537318,28.5,9.076023391812866,0
Ajinkya Rahane,11.3125,0.5,259.8125,190.25,0.0625,1.125,24.25,9.8125,4.0,0.0,11.3125,0.0,0.0,0.0,0.0,0.0,61.0,0.1790407358738502,136.56373193166885,24.028901734104046,99.9,0.0,1
Akash Deep,3.5,0.5,6.25,3.5,0.0,0.0,0.5,0.5,0.75,0.0,3.5,69.5,137.0,2.5,0.0,0.0,17.0,0.2857142857142857,178.57142857142858,2.0833333333333335,27.8,11.827338129496402,0
Akash Singh,4.0,0.0,0.0,0.0,0.0,0.0,0.0,0.0,0.42857142857142855,0.0,4.0,81.0,128.57142857142858,3.857142857142857,0.0,0.0,0.0,0.0,0.0,0.0,21.0,9.523809523809526,0
Angkrish Raghuvanshi,11.0,1.0,231.5,160.0,0.0,1.0,23.0,8.0,3.0,0.0,11.0,0.0,0.0,0.0,0.0,0.0,54.0,0.19375,144.6875,23.15,99.9,0.0,0
Aniket Verma,14.0,3.0,236.0,142.0,0.0,1.0,12.0,20.0,6.0,0.0,14.0,0.0,0.0,0.0,0.0,0.0,74.0,0.22535211267605634,166.19718309859155,21.454545454545453,99.9,0.0,0
Anrich Nortje,6.857142857142857,1.7857142857142858,9.5,9.642857142857142,0.0,0.0,1.2857142857142858,0.0,1.6428571428571428,0.0,6.857142857142857,156.57142857142858,255.21428571428572,8.214285714285714,0.0,0.0,4.0,0.13333333333333336,98.51851851851853,1.8732394366197185,19.060869565217395,9.780109489051094,0
Anshul Kamboj,5.5,2.0,8.0,7.0,0.0,0.0,1.0,0.0,2.0,0.0,5.5,94.5,143.0,5.0,0.0,0.0,0.0,0.14285714285714285,114.28571428571428,2.2857142857142856,18.9,9.079365079365079,0
Anuj Rawat,6.8,1.5,95.4,79.9,0.0,0.3,7.8,4.2,4.5,0.0,6.8,0.0,0.0,0.0,0.0,0.0,66.0,0.1501877346683354,119.39924906132666,18.0,99.9,0.0,0
Anukul Roy,2.6153846153846154,0.6923076923076923,6.0,5.769230769230769,0.0,0.0,0.6923076923076923,0.0,1.3846153846153846,0.0,2.6153846153846154,35.07692307692308,48.61538461538461,1.2307692307692308,0.0,0.0,0.0,0.12,104.0,3.12,28.5,8.315789473684209,0
Arjun Tendulkar,2.5,0.0,6.5,4.5,0.0,0.0,0.0,0.5,0.0,0.0,2.5,36.5,57.0,1.5,0.0,0.0,13.0,0.1111111111111111,144.44444444444443,2.6,24.333333333333332,9.36986301369863,0
Arshdeep Singh,13.333333333333334,1.3333333333333333,5.933333333333334,8.4,0.0,0.0,0.8,0.0,2.4,0.0,13.333333333333334,281.8666666666667,424.8,15.4,0.4,0.06666666666666667,4.0,0.09523809523809523,70.63492063492063,0.49444444444444446,18.303030303030305,9.042573320719017,0
Arshin Kulkarni,2.0,0.0,9.0,8.0,0.0,0.0,2.0,0.0,0.0,0.0,2.0,0.0,0.0,0.0,0.0,0.0,9.0,0.25,112.5,4.5,99.9,0.0,0
Ashutosh Sharma,12.0,2.0,196.5,120.0,0.0,1.0,12.0,14.0,2.0,0.0,12.0,0.0,0.0,0.0,0.0,0.0,61.0,0.21666666666666667,163.75,19.65,99.9,0.0,0
Ashwani Kumar,7.0,0.0,0.0,0.0,0.0,0.0,0.0,0.0,2.0,0.0,7.0,123.0,232.0,11.0,1.0,0.0,0.0,0.0,0.0,0.0,11.181818181818182,11.317073170731707,0
Avesh Khan,11.0625,2.0,10.5,6.1875,0.0,0.0,0.875,0.75,1.8125,0.0,11.0625,233.8125,366.375,12.625,0.1875,0.0,12.0,0.26262626262626265,169.6969696969697,1.1586206896551725,18.519801980198018,9.401764234161988,1
Axar Patel,13.0625,3.25,202.25,143.4375,0.0,0.5625,15.375,10.375,7.3125,0.0,13.0625,254.25,316.6875,8.5,0.0,0.0,66.0,0.17952069716775598,141.00217864923746,20.611464968152866,29.91176470588235,7.473451327433629,1
Ayush Badoni,14.0,2.5,240.75,173.75,0.0,1.5,18.25,9.5,4.5,0.0,14.0,8.75,12.25,1.0,0.0,0.0,74.0,0.15971223021582734,138.5611510791367,20.934782608695652,8.75,8.399999999999999,0
Ayush Mhatre,7.0,0.0,240.0,127.0,0.0,1.0,31.0,11.0,4.0,0.0,7.0,0.0,0.0,0.0,0.0,0.0,94.0,0.33070866141732286,188.9763779527559,34.285714285714285,99.9,0.0,0
Azmatullah Omarzai,8.0,0.5,49.5,37.0,0.0,0.0,4.0,2.5,0.5,0.0,8.0,144.0,232.5,6.0,0.0,0.0,17.0,0.17567567567567569,133.7837837837838,6.6,24.0,9.6875,0
Bhuvneshwar Kumar,13.5,2.6875,23.0,28.0,0.0,0.0,2.375,0.0,2.4375,0.0,13.5,299.1875,420.0625,12.4375,0.0,0.1875,27.0,0.08482142857142858,82.14285714285714,2.1271676300578033,24.055276381909547,8.42406517651974,1
Cameron Green,14.5,5.5,353.5,230.0,0.5,1.0,31.0,16.0,5.0,0.0,0.0,0.0,0.0,0.0,0.0,0.0,46.0,0.20434782608695654,153.69565217391303,39.27777777777778,99.9,0.0,0
Corbin Bosch,3.0,0.0,47.0,32.0,0.0,0.0,3.0,3.0,2.0,0.0,3.0,42.0,55.0,1.0,0.0,0.0,27.0,0.1875,146.875,15.666666666666666,42.0,7.857142857142858,0
David Miller,11.1875,4.6875,232.5,166.4375,0.0,0.6875,17.625,9.75,5.75,0.0,11.1875,0.0,0.0,0.0,0.0,0.0,62.0,0.16447615471273,139.69207660533235,35.76923076923077,99.9,0.0,1
Deepak Chahar,11.846153846153847,1.3076923076923077,13.76923076923077,10.153846153846153,0.0,0.0,0.8461538461538461,0.7692307692307693,1.5384615384615385,0.0,11.846153846153847,232.69230769230768,325.53846153846155,11.153846153846153,0.15384615384615385,0.0,39.0,0.15909090909090912,135.60606060606062,1.3065693430656935,20.862068965517242,8.39404958677686,1
Devdutt Padikkal,11.714285714285714,0.5,260.7142857142857,205.42857142857142,0.07142857142857142,1.5,27.142857142857142,8.857142857142858,4.071428571428571,0.0,11.714285714285714,0.0,0.0,0.0,0.0,0.0,74.0,0.17524339360222532,126.9123783031989,23.248407643312103,99.9,0.0,0
Dewald Brevis,5.333333333333333,0.0,151.66666666666666,99.0,0.0,0.6666666666666666,10.0,11.0,3.3333333333333335,0.0,5.333333333333333,1.0,2.6666666666666665,0.3333333333333333,0.0,0.0,57.0,0.21212121212121213,153.19865319865318,28.4375,3.0,16.0,0
Dhruv Jurel,14.0,3.6666666666666665,226.66666666666666,147.33333333333334,0.0,1.3333333333333333,17.0,12.666666666666666,6.333333333333333,0.0,14.0,0.0,0.0,0.0,0.0,0.0,70.0,0.2013574660633484,153.84615384615384,21.93548387096774,99.9,0.0,0
Digvesh Singh,13.0,1.0,1.0,3.0,0.0,0.0,0.0,0.0,3.0,0.0,13.0,312.0,429.0,14.0,0.0,0.0,1.0,0.0,33.33333333333333,0.08333333333333333,22.285714285714285,8.25,0
Donovan Ferreira,1.5,0.0,4.5,7.0,0.0,0.0,0.0,0.0,1.0,0.0,1.5,0.0,0.0,0.0,0.0,0.0,7.0,0.0,64.28571428571429,3.0,99.9,0.0,0
Dushmantha Chameera,6.333333333333333,2.3333333333333335,17.666666666666668,14.0,0.0,0.0,1.0,1.0,1.0,0.0,6.333333333333333,124.0,201.0,4.333333333333333,0.0,0.0,17.0,0.14285714285714285,126.1904761904762,4.416666666666668,28.615384615384617,9.725806451612902,0
Eshan Malinga,7.0,0.0,0.0,0.0,0.0,0.0,0.0,0.0,4.0,0.0,7.0,160.0,238.0,13.0,0.0,0.0,0.0,0.0,0.0,0.0,12.307692307692308,8.925,0
Glenn Phillips,4.5,0.25,35.75,24.75,0.0,0.0,1.75,3.5,1.75,0.0,4.5,16.5,20.0,1.0,0.0,0.0,25.0,0.21212121212121213,144.44444444444443,8.411764705882353,16.5,7.272727272727273,0
Gurnoor Singh Brar,1.0,0.0,0.0,0.0,0.0,0.0,0.0,0.0,0.0,0.0,1.0,18.0,42.0,0.0,0.0,0.0,0.0,0.0,0.0,0.0,99.9,14.0,0
Hardik Pandya,14.6875,3.3125,305.5625,213.125,0.0,1.3125,25.1875,13.75,5.375,0.0,14.6875,174.25,269.25,8.75,0.0,0.1875,91.0,0.18269794721407626,143.3724340175953,26.86263736263736,19.914285714285715,9.27116212338594,1
Harpreet Brar,8.466666666666667,2.0,37.6,31.266666666666666,0.0,0.0,3.1333333333333333,1.6,2.533333333333333,0.0,8.466666666666667,136.6,186.6,6.333333333333333,0.2,0.0,29.0,0.1513859275053305,120.25586353944564,5.814432989690721,21.568421052631578,8.19619326500732,0
Harsh Dubey,3.0,0.0,0.0,0.0,0.0,0.0,0.0,0.0,0.0,0.0,3.0,60.0,98.0,5.0,0.0,0.0,0.0,0.0,0.0,0.0,12.0,9.8,0
Harshal Patel,12.1875,1.5,24.3125,23.4375,0.0,0.0,1.5,1.25,2.6875,0.0,12.1875,253.8125,384.375,16.4375,0.625,0.0625,31.0,0.11733333333333333,103.73333333333335,2.2748538011695905,15.44106463878327,9.086431913321842,1
Harshit Rana,8.5,1.0,14.75,14.0,0.0,0.0,1.25,0.75,3.0,0.0,8.5,162.25,257.25,10.0,0.0,0.0,34.0,0.14285714285714285,105.35714285714286,1.9666666666666666,16.225,9.513097072419107,0
Heinrich Klaasen,11.818181818181818,2.0,391.6363636363636,227.45454545454547,0.5454545454545454,1.9090909090909092,25.818181818181817,24.09090909090909,5.181818181818182,1.1818181818181819,11.818181818181818,0.0,0.0,0.0,0.0,0.0,104.0,0.21942446043165464,172.18225419664267,39.888888888888886,99.9,0.0,0
Ishan Kishan,13.6875,1.0625,360.6875,259.8125,0.1875,2.0,36.75,15.0625,8.4375,0.6875,13.6875,0.1875,0.75,0.0,0.0,0.0,99.0,0.19942266057252828,138.82607649747413,28.56930693069307,99.9,24.0,1
Ishant Sharma,7.416666666666667,1.0,1.3333333333333333,2.25,0.0,0.0,0.08333333333333333,0.08333333333333333,1.0833333333333333,0.0,7.416666666666667,136.0,208.33333333333334,7.166666666666667,0.0,0.0,0.0,0.07407407407407407,59.25925925925925,0.20779220779220778,18.97674418604651,9.191176470588236,1
Jacob Bethell,2.0,0.0,67.0,39.0,0.0,1.0,9.0,3.0,1.0,0.0,2.0,0.0,0.0,0.0,0.0,0.0,55.0,0.3076923076923077,171.7948717948718,33.5,99.9,0.0,0
Jamie Overton,3.0,2.0,15.0,7.0,0.0,0.0,1.0,1.0,0.0,0.0,3.0,36.0,83.0,0.0,0.0,0.0,0.0,0.2857142857142857,214.28571428571428,15.0,99.9,13.833333333333332,0
Jason Holder,7.5,1.5,75.5,62.5,0.0,0.0,3.5,4.5,1.0,0.0,7.5,179.5,240.0,15.0,0.5,0.0,0.0,0.128,120.8,12.583333333333334,11.966666666666667,8.022284122562674,1
Jasprit Bumrah,13.538461538461538,2.923076923076923,5.153846153846154,7.3076923076923075,0.0,0.0,0.46153846153846156,0.0,1.9230769230769231,0.0,13.538461538461538,317.61538461538464,361.53846153846155,18.692307692307693,0.38461538461538464,0.46153846153846156,0.0,0.06315789473684211,70.5263157894737,0.48550724637681164,16.991769547325102,6.829740857350448,1
Jayant Yadav,2.0,0.16666666666666666,5.666666666666667,4.333333333333333,0.0,0.0,0.3333333333333333,0.16666666666666666,1.6666666666666667,0.0,2.0,43.0,50.166666666666664,0.6666666666666666,0.0,0.0,23.0,0.11538461538461539,130.7692307692308,3.0909090909090913,64.5,6.999999999999999,1
Jaydev Unadkat,7.3125,1.1875,23.5,18.3125,0.0,0.0,1.875,0.9375,1.3125,0.0,7.3125,143.125,225.5,6.5,0.0,0.0,26.0,0.15358361774744028,128.32764505119454,3.836734693877551,22.01923076923077,9.453275109170306,1
Jitesh Sharma,13.75,2.0,247.75,157.75,0.0,0.25,19.25,15.5,11.0,1.25,13.75,0.0,0.0,0.0,0.0,0.0,44.0,0.2202852614896989,157.05229793977813,21.085106382978722,99.9,0.0,0
Jofra Archer,9.555555555555555,2.111111111111111,44.0,31.77777777777778,0.0,0.0,2.2222222222222223,2.888888888888889,1.6666666666666667,0.0,9.555555555555555,222.66666666666666,316.0,9.444444444444445,0.0,0.0,30.0,0.16083916083916083,138.46153846153845,5.91044776119403,23.576470588235292,8.51497005988024,0
Jos Buttler,13.0625,1.8125,493.5625,330.5625,1.1875,3.0625,48.9375,21.8125,7.0625,0.4375,13.0625,0.0,0.0,0.0,0.0,0.0,124.0,0.2140291170353564,149.30988844772168,43.87222222222222,99.9,0.0,1
Josh Hazlewood,8.454545454545455,1.9090909090909092,5.181818181818182,7.909090909090909,0.0,0.0,0.2727272727272727,0.0,0.6363636363636364,0.0,8.454545454545455,187.36363636363637,261.27272727272725,13.363636363636363,0.5454545454545454,0.0,0.0,0.034482758620689655,65.51724137931035,0.7916666666666666,14.020408163265307,8.366812227074234,0
Josh Inglis,11.0,2.0,278.0,171.0,0.0,1.0,26.0,16.0,9.0,1.0,11.0,0.0,0.0,0.0,0.0,0.0,73.0,0.24561403508771928,162.5730994152047,30.88888888888889,99.9,0.0,0
KL Rahul,13.0,1.9375,524.6875,383.75,0.6875,3.875,45.6875,20.75,8.1875,0.4375,13.0,0.0,0.0,0.0,0.0,0.0,82.0,0.1731270358306189,136.72638436482086,47.429378531073446,99.9,0.0,1
Kagiso Rabada,9.733333333333333,1.8666666666666667,20.933333333333334,18.066666666666666,0.0,0.0,1.4,1.2,2.933333333333333,0.0,9.733333333333333,219.86666666666667,325.8666666666667,13.266666666666667,0.6666666666666666,0.0,25.0,0.14391143911439114,115.86715867158672,2.661016949152543,16.57286432160804,8.892662219526986,1
Kamindu Mendis,5.0,2.0,92.0,69.0,0.0,0.0,7.0,2.0,1.0,0.0,5.0,42.0,60.0,2.0,0.0,0.0,0.0,0.13043478260869565,133.33333333333331,30.666666666666668,21.0,8.571428571428571,0
Kartik Tyagi,2.909090909090909,0.2727272727272727,2.4545454545454546,2.5454545454545454,0.0,0.0,0.2727272727272727,0.0,0.2727272727272727,0.0,1.2727272727272727,28.454545454545453,44.63636363636363,1.1818181818181819,0.0,0.0,7.0,0.10714285714285714,96.42857142857143,0.9310344827586206,24.076923076923073,9.412140575079873,0
Karun Nair,5.666666666666667,0.1111111111111111,107.11111111111111,71.11111111111111,0.0,0.5555555555555556,11.11111111111111,4.777777777777778,2.111111111111111,0.0,5.666666666666667,0.0,0.0,0.0,0.0,0.0,89.0,0.22343749999999998,150.625,19.279999999999998,99.9,0.0,1
Khaleel Ahmed,10.3125,0.375,0.25,1.0625,0.0,0.0,0.0,0.0,0.8125,0.0,10.3125,223.875,338.25,12.6875,0.0,0.0,1.0,0.0,23.52941176470588,0.025157232704402517,17.645320197044335,9.065326633165828,0
Krunal Pandya,14.5625,4.125,156.375,126.5625,0.0,0.1875,12.6875,5.1875,6.0,0.0,14.5625,242.4375,306.25,10.0625,0.1875,0.0,49.0,0.14123456790123456,123.55555555555556,14.982035928143713,24.093167701863354,7.5792730085073465,1
Kuldeep Sen,4.0,0.3333333333333333,0.0,1.0,0.0,0.0,0.0,0.0,1.3333333333333333,0.0,4.0,80.33333333333333,129.0,4.666666666666667,0.3333333333333333,0.0,0.0,0.0,0.0,0.0,17.21428571428571,9.634854771784234,0
Kuldeep Yadav,12.6,3.933333333333333,31.266666666666666,34.93333333333333,0.0,0.0,2.8,0.6,2.4,0.0,12.6,269.73333333333335,356.06666666666666,13.866666666666667,0.6666666666666666,0.0,12.0,0.09732824427480917,89.50381679389314,3.6076923076923078,19.451923076923077,7.920415224913494,1
Kumar Kushagra,4.0,0.0,3.0,7.0,0.0,0.0,0.0,0.0,1.0,0.0,4.0,0.0,0.0,0.0,0.0,0.0,2.0,0.0,42.857142857142854,0.75,99.9,0.0,0
Kwena Maphaka,2.0,0.5,4.0,1.0,0.0,0.0,1.0,0.0,1.0,0.0,2.0,33.0,71.5,1.0,0.0,0.0,0.0,1.0,400.0,2.6666666666666665,33.0,13.0,0
Kyle Jamieson,5.25,2.25,16.25,17.5,0.0,0.0,1.25,0.75,0.5,0.0,5.25,109.5,177.5,6.0,0.0,0.0,0.0,0.11428571428571428,92.85714285714286,5.416666666666667,18.25,9.726027397260275,0
Liam Livingstone,9.214285714285714,1.3571428571428572,209.21428571428572,129.14285714285714,0.0,1.5,13.714285714285714,15.214285714285714,3.7142857142857144,0.0,9.214285714285714,66.0,98.64285714285714,2.7857142857142856,0.0,0.0,94.0,0.22400442477876106,162.00221238938056,26.627272727272732,23.692307692307693,8.967532467532466,0
Lockie Ferguson,6.6,0.7333333333333333,6.066666666666666,3.8666666666666667,0.0,0.0,0.7333333333333333,0.13333333333333333,1.4,0.0,6.6,135.53333333333333,213.4,6.8,0.2,0.0,5.0,0.22413793103448273,156.89655172413794,1.0340909090909092,19.931372549019606,9.447122479094935,1
Luke Wood,2.0,1.0,9.0,3.0,0.0,0.0,0.0,1.0,0.0,0.0,0.0,0.0,0.0,0.0,0.0,0.0,0.0,0.3333333333333333,300.0,9.0,99.9,0.0,0
Lungisani Ngidi,3.3333333333333335,0.5,0.0,1.0,0.0,0.0,0.0,0.0,0.3333333333333333,0.0,3.3333333333333335,78.0,115.16666666666667,6.166666666666667,0.16666666666666666,0.0,0.0,0.0,0.0,0.0,12.648648648648647,8.85897435897436,0
M. Siddharth,2.5,0.0,0.0,0.0,0.0,0.0,0.0,0.0,0.5,0.0,2.5,48.0,69.0,1.5,0.0,0.0,0.0,0.0,0.0,0.0,32.0,8.625,0
MS Dhoni,14.6875,6.5625,204.0,142.4375,0.0,0.5625,14.0,12.375,9.125,2.0625,14.6875,0.0,0.0,0.0,0.0,0.0,0.0,0.1851689337428697,143.22071083808686,25.107692307692307,99.9,0.0,1
Madhav Tiwari,1.0,0.0,3.0,4.0,0.0,0.0,0.0,0.0,2.0,0.0,1.0,0.0,0.0,0.0,0.0,0.0,3.0,0.0,75.0,3.0,99.9,0.0,0
Manav Suthar,1.0,0.0,1.0,2.0,0.0,0.0,0.0,0.0,0.0,0.0,1.0,12.0,26.0,0.0,0.0,0.0,1.0,0.0,50.0,1.0,99.9,13.0,0
Manish Pandey,6.9375,0.75,155.6875,127.75,0.0,0.9375,12.8125,4.6875,3.625,0.0,6.9375,0.0,0.0,0.0,0.0,0.0,50.0,0.136986301369863,121.86888454011742,25.161616161616163,99.9,0.0,1
Marco Jansen,7.769230769230769,2.3076923076923075,32.53846153846154,29.307692307692307,0.0,0.0,1.8461538461538463,1.3846153846153846,4.6923076923076925,0.0,7.769230769230769,163.6153846153846,258.2307692307692,8.0,0.0,0.0,17.0,0.11023622047244096,111.0236220472441,5.95774647887324,20.451923076923077,9.469675599435824,0
Marcus Stoinis,12.6875,3.0,255.4375,170.125,0.1875,1.125,19.25,15.25,3.0,0.0,12.6875,77.4375,131.5625,3.875,0.0,0.0,65.0,0.20279206465833946,150.14695077149156,26.36774193548387,19.983870967741936,10.193704600484262,1
Matheesha Pathirana,8.0,0.0,0.0,0.0,0.0,0.0,0.0,0.0,2.25,0.0,8.0,175.5,254.0,11.75,0.25,0.0,0.0,0.0,0.0,0.0,14.936170212765957,8.683760683760685,0
Matt Henry,4.0,0.0,0.0,0.0,0.0,0.0,0.0,0.0,0.0,0.0,0.0,0.0,0.0,0.0,0.0,0.0,0.0,0.0,0.0,0.0,99.9,0.0,1
Matthew Breetzke,1.0,0.0,14.0,12.0,0.0,0.0,1.0,1.0,0.0,0.0,1.0,0.0,0.0,0.0,0.0,0.0,14.0,0.16666666666666666,116.66666666666667,14.0,99.9,0.0,0
Mayank Markande,6.25,1.1666666666666667,7.5,5.666666666666667,0.0,0.0,0.75,0.25,1.5,0.0,6.25,127.0,191.75,6.583333333333333,0.3333333333333333,0.0,6.0,0.1764705882352941,132.35294117647058,1.4754098360655739,19.29113924050633,9.059055118110237,0
Mayank Yadav,3.0,0.0,0.0,0.0,0.0,0.0,0.0,0.0,1.5,0.0,3.0,60.5,92.5,4.5,0.0,0.0,0.0,0.0,0.0,0.0,13.444444444444445,9.173553719008265,0
Mitchell Marsh,7.923076923076923,0.0,246.23076923076923,163.23076923076923,0.23076923076923078,2.076923076923077,21.923076923076923,14.076923076923077,0.9230769230769231,0.0,7.923076923076923,55.92307692307692,87.0,3.923076923076923,0.23076923076923078,0.0,117.0,0.22054665409990576,150.84825636192272,31.07766990291262,14.254901960784313,9.334250343878956,1
Mitchell Santner,5.785714285714286,2.2142857142857144,19.0,19.0,0.0,0.0,1.2857142857142858,0.8571428571428571,2.7142857142857144,0.0,5.785714285714286,111.21428571428571,136.5,4.5,0.0,0.0,22.0,0.11278195488721804,100.0,5.32,24.71428571428571,7.3641618497109835,0
Mitchell Starc,12.5,3.5,7.5,10.5,0.0,0.0,0.5,0.0,6.5,0.0,12.5,233.5,405.0,15.5,0.5,0.5,2.0,0.047619047619047616,71.42857142857143,0.8333333333333334,15.064516129032258,10.406852248394005,1
Mohammad Shami,13.23076923076923,1.1538461538461537,5.230769230769231,5.846153846153846,0.0,0.0,0.5384615384615384,0.0,3.076923076923077,0.0,13.23076923076923,296.38461538461536,423.7692307692308,17.153846153846153,0.46153846153846156,0.0,7.0,0.09210526315789473,89.47368421052633,0.43312101910828027,17.278026905829595,8.578769789774203,1
Mohammed Siraj,13.625,1.75,12.75,13.5625,0.0,0.0,1.25,0.5,4.3125,0.0,13.625,294.125,435.25,13.5625,0.375,0.0,14.0,0.12903225806451613,94.00921658986175,1.0736842105263158,21.68663594470046,8.8788780280493,1
Mohd. Arshad Khan,6.333333333333333,2.0,41.333333333333336,29.333333333333332,0.0,0.3333333333333333,2.0,3.0,2.3333333333333335,0.0,6.333333333333333,90.66666666666667,173.66666666666666,4.0,0.0,0.0,20.0,0.17045454545454547,140.9090909090909,9.53846153846154,22.666666666666668,11.492647058823529,0
Mohsin Khan,8.0,0.6666666666666666,8.333333333333334,8.0,0.0,0.0,0.6666666666666666,0.3333333333333333,0.6666666666666666,0.0,8.0,162.0,229.66666666666666,9.0,0.3333333333333333,0.0,2.0,0.125,104.16666666666667,1.1363636363636365,18.0,8.506172839506172,0
Mukesh Choudhary,5.333333333333333,0.3333333333333333,2.0,2.0,0.0,0.0,0.3333333333333333,0.0,1.0,0.0,5.333333333333333,105.0,174.0,5.666666666666667,0.3333333333333333,0.0,4.0,0.16666666666666666,100.0,0.4,18.52941176470588,9.942857142857143,0
Mukesh Kumar,10.666666666666666,1.3333333333333333,3.3333333333333335,6.0,0.0,0.0,0.0,0.0,3.0,0.0,10.666666666666666,212.0,367.3333333333333,12.0,0.3333333333333333,0.0,3.0,0.0,55.55555555555556,0.3571428571428572,17.666666666666668,10.39622641509434,0
Musheer Khan,1.0,0.0,0.0,3.0,0.0,0.0,0.0,0.0,0.0,0.0,1.0,12.0,27.0,1.0,0.0,0.0,0.0,0.0,0.0,0.0,12.0,13.5,0
N. Tilak Varma,13.5,2.75,374.75,259.5,0.0,2.0,28.25,18.5,8.0,0.0,13.5,5.5,7.0,0.0,0.0,0.0,65.0,0.18015414258188825,144.41233140655106,34.86046511627907,99.9,7.636363636363637,0
Naman Dhir,11.5,2.5,196.0,108.5,0.0,0.5,18.0,11.5,7.5,0.0,11.5,26.0,38.0,0.0,0.0,0.0,46.0,0.271889400921659,180.64516129032256,21.77777777777778,99.9,8.769230769230768,0
Nandre Burger,6.0,0.0,0.0,0.0,0.0,0.0,0.0,0.0,2.0,0.0,6.0,102.0,145.0,7.0,0.0,0.0,0.0,0.0,0.0,0.0,14.571428571428571,8.529411764705882,0
Nathan Ellis,3.4615384615384617,0.07692307692307693,1.6153846153846154,3.3076923076923075,0.0,0.0,0.0,0.07692307692307693,0.6923076923076923,0.0,3.4615384615384617,77.53846153846153,112.76923076923077,4.230769230769231,0.23076923076923078,0.0,12.0,0.023255813953488375,48.83720930232558,0.4772727272727273,18.327272727272724,8.726190476190478,0
Nehal Wadhera,12.0,1.3333333333333333,239.66666666666666,167.66666666666666,0.0,1.3333333333333333,20.0,13.0,4.0,0.0,12.0,5.666666666666667,7.333333333333333,0.0,0.0,0.0,70.0,0.19681908548707755,142.94234592445326,22.46875,99.9,7.76470588235294,0
Nicholas Pooran,13.6,3.466666666666667,377.8,219.26666666666668,0.0,2.533333333333333,26.8,27.533333333333335,6.533333333333333,0.8,13.6,0.0,0.0,0.0,0.0,0.0,77.0,0.24779568257829127,172.3016114320462,37.28289473684211,99.9,0.0,0
Nitish Kumar Reddy,9.333333333333334,1.6666666666666667,161.66666666666666,121.66666666666667,0.0,0.6666666666666666,10.333333333333334,8.333333333333334,4.0,0.0,9.333333333333334,46.333333333333336,84.66666666666667,1.6666666666666667,0.0,0.0,32.0,0.15342465753424658,132.8767123287671,21.08695652173913,27.8,10.964028776978417,0
Nitish Rana,11.4375,0.9375,280.125,198.1875,0.0,1.875,26.875,13.75,2.75,0.0,11.4375,21.25,31.1875,1.0,0.0,0.0,87.0,0.20498265531378115,141.3434247871334,26.678571428571427,21.25,8.805882352941175,1
Noor Ahmad,12.333333333333334,1.6666666666666667,6.666666666666667,11.666666666666666,0.0,0.0,0.6666666666666666,0.0,3.0,0.0,12.333333333333334,264.0,355.6666666666667,16.0,0.6666666666666666,0.0,4.0,0.05714285714285714,57.14285714285715,0.625,16.5,8.083333333333334,0
Nuwan Thushara,4.0,0.0,0.0,0.0,0.0,0.0,0.0,0.0,0.5,0.0,4.0,90.0,141.5,4.5,0.0,0.0,0.0,0.0,0.0,0.0,20.0,9.433333333333334,0
Pat Cummins,11.454545454545455,3.272727272727273,102.45454545454545,63.72727272727273,0.0,0.45454545454545453,6.7272727272727275,7.181818181818182,4.0,0.0,11.454545454545455,256.54545454545456,393.6363636363636,13.090909090909092,0.09090909090909091,0.0,0.0,0.2182596291012839,160.7703281027104,12.522222222222222,19.59722222222222,9.20623671155209,1
Phil Salt,11.333333333333334,1.0,352.0,200.33333333333334,0.0,3.3333333333333335,40.666666666666664,18.666666666666668,8.666666666666666,0.0,11.333333333333334,0.0,0.0,0.0,0.0,0.0,87.0,0.29617304492512475,175.7071547420965,34.064516129032256,99.9,0.0,0
Prabhsimran Singh,9.533333333333333,0.0,254.33333333333334,164.46666666666667,0.2,1.4,26.266666666666666,13.933333333333334,0.9333333333333333,0.2,9.4,0.0,0.0,0.0,0.0,0.0,103.0,0.24442642886096475,154.6412646939603,26.67832167832168,99.9,0.0,0
Prasidh Krishna,13.0,1.1,2.1,4.8,0.0,0.0,0.0,0.0,2.8,0.0,13.0,300.5,426.9,16.2,0.4,0.0,0.0,0.0,43.75000000000001,0.17647058823529413,18.549382716049383,8.523793677204658,0
Pravin Dubey,1.2857142857142858,0.14285714285714285,7.857142857142857,10.428571428571429,0.0,0.0,0.8571428571428571,0.0,0.5714285714285714,0.0,1.2857142857142858,19.714285714285715,27.0,0.8571428571428571,0.0,0.0,16.0,0.0821917808219178,75.34246575342465,6.874999999999999,23.000000000000004,8.217391304347824,0
Prince Yadav,6.0,2.0,5.0,10.0,0.0,0.0,0.0,0.0,2.0,0.0,6.0,137.0,225.0,3.0,0.0,0.0,0.0,0.0,50.0,1.25,45.666666666666664,9.854014598540147,0
Prithvi Raj Yarra,2.0,1.0,0.0,1.0,0.0,0.0,0.0,0.0,0.0,0.0,2.0,30.0,57.0,1.0,0.0,0.0,0.0,0.0,0.0,0.0,30.0,11.399999999999999,0
Prithvi Shaw,10.076923076923077,0.0,235.84615384615384,158.84615384615384,0.0,1.6923076923076923,31.076923076923077,7.153846153846154,2.4615384615384617,0.0,4.076923076923077,0.0,0.0,0.0,0.0,0.0,99.0,0.24067796610169495,148.47457627118646,23.404580152671755,99.9,0.0,0
Priyansh Arya,17.0,0.0,475.0,265.0,1.0,2.0,55.0,25.0,8.0,0.0,17.0,0.0,0.0,0.0,0.0,0.0,103.0,0.3018867924528302,179.24528301886792,27.941176470588236,99.9,0.0,0
Quinton de Kock,10.3125,0.625,293.0625,213.25,0.1875,2.1875,26.5625,13.4375,6.625,1.0625,10.3125,0.0,0.0,0.0,0.0,0.0,81.0,0.18757327080890973,137.42672919109026,30.251612903225805,99.9,0.0,1
Rachin Ravindra,9.0,0.5,206.5,143.5,0.0,1.0,20.0,8.0,5.0,0.0,9.0,6.0,3.5,0.0,0.0,0.0,61.0,0.1951219512195122,143.90243902439025,24.294117647058822,99.9,3.5,0
Rahul Chahar,10.0,1.0,21.466666666666665,20.4,0.0,0.0,2.2,1.0,3.066666666666667,0.0,10.0,211.2,277.2,9.133333333333333,0.06666666666666667,0.0,16.0,0.15686274509803924,105.22875816993465,2.385185185185185,23.124087591240876,7.875,1
Rahul Tewatia,13.8125,3.875,141.1875,98.1875,0.0,0.0625,12.25,6.8125,5.5,0.0,13.8125,50.9375,72.125,1.625,0.0,0.0,53.0,0.19414385741565882,143.7937619350732,14.20754716981132,31.346153846153847,8.495705521472393,1
Rahul Tripathi,10.125,1.1875,232.0,167.9375,0.0,1.25,23.25,8.875,3.1875,0.0,10.125,0.0,0.0,0.0,0.0,0.0,81.0,0.19129140305173056,138.14663193152214,25.958041958041957,99.9,0.0,1
Raj Angad Bawa,2.5,0.5,9.5,9.0,0.0,0.0,0.5,0.0,1.5,0.0,2.5,0.0,0.0,0.0,0.0,0.0,11.0,0.05555555555555555,105.55555555555556,4.75,99.9,0.0,0
Rajat Patidar,11.8,0.6,319.1,203.6,0.3,2.7,22.2,19.8,2.8,0.0,11.8,0.0,0.0,0.0,0.0,0.0,64.0,0.206286836935167,156.72888015717095,28.491071428571427,99.9,0.0,0
Ramandeep Singh,10.333333333333334,3.0,72.33333333333333,45.666666666666664,0.0,0.0,3.0,5.666666666666667,4.666666666666667,0.0,10.333333333333334,13.333333333333334,21.0,2.0,0.0,0.0,35.0,0.18978102189781026,158.3941605839416,9.863636363636362,6.666666666666667,9.45,0
Rashid Khan,15.125,3.4375,81.25,47.625,0.0,0.1875,5.5625,6.0,6.1875,0.0,15.125,351.1875,444.75,16.9375,0.375,0.0,40.0,0.24278215223097113,170.60367454068242,6.951871657754011,20.73431734317343,7.598505072076882,1
Rasikh Dar,3.7,0.1,11.0,11.2,0.0,0.0,1.5,0.0,0.7,0.0,3.7,64.5,114.3,3.0,0.0,0.0,10.0,0.13392857142857142,98.21428571428572,3.0555555555555554,21.5,10.632558139534883,0
Ravi Bishnoi,13.214285714285714,1.4285714285714286,8.5,11.857142857142858,0.0,0.0,0.2857142857142857,0.42857142857142855,5.0,0.0,13.214285714285714,274.92857142857144,392.2142857142857,12.0,0.0,0.0,13.0,0.06024096385542168,71.68674698795179,0.7212121212121213,22.91071428571429,8.55962587685113,0
Ravindra Jadeja,14.0,5.0,204.75,148.3125,0.0,0.6875,15.1875,7.75,7.625,0.0,14.0,264.3125,339.125,10.875,0.0,0.0,50.0,0.15465655288664137,138.05309734513273,22.75,24.304597701149426,7.69827382359896,1
Rinku Singh,10.466666666666667,2.8666666666666667,209.53333333333333,141.26666666666668,0.0,0.8,16.6,10.933333333333334,7.0,0.0,10.466666666666667,0.0,0.0,0.0,0.0,0.0,30.0,0.1949032562529495,148.32468145351578,27.570175438596493,99.9,0.0,0
Rishabh Pant,14.076923076923077,2.230769230769231,392.2307692307692,266.15384615384613,0.3076923076923077,1.8461538461538463,35.38461538461539,19.53846153846154,9.0,3.1538461538461537,14.076923076923077,0.0,0.0,0.0,0.0,0.0,56.0,0.2063583815028902,147.3699421965318,33.11038961038961,99.9,0.0,1
Riyan Parag,12.8,2.0,268.0,182.66666666666666,0.0,1.2666666666666666,18.333333333333332,15.8,7.4,0.0,12.8,41.266666666666666,65.93333333333334,1.0,0.0,0.0,95.0,0.18686131386861315,146.71532846715328,24.814814814814813,41.266666666666666,9.586429725363491,0
Robin Minz,2.0,0.0,6.0,15.0,0.0,0.0,0.0,0.0,0.0,0.0,2.0,0.0,0.0,0.0,0.0,0.0,3.0,0.0,40.0,3.0,99.9,0.0,0
Rohit Sharma,14.4375,0.5625,356.8125,261.375,0.1875,1.8125,36.5,17.5,3.4375,0.0,14.4375,0.4375,0.8125,0.0,0.0,0.0,94.0,0.2065997130559541,136.5136298421808,25.716216216216218,99.9,11.142857142857142,1
Romario Shepherd,4.5,1.25,46.25,21.75,0.0,0.25,3.0,4.25,1.0,0.0,4.5,52.5,102.0,2.5,0.0,0.0,0.0,0.3333333333333333,212.64367816091956,14.23076923076923,21.0,11.657142857142857,0
Rovman Powell,7.25,0.75,91.25,62.25,0.0,0.25,5.5,7.0,4.75,0.0,7.25,4.5,8.75,0.25,0.0,0.0,27.0,0.20080321285140562,146.58634538152612,14.038461538461538,18.0,11.666666666666666,0
Ruturaj Gaikwad,12.071428571428571,1.1428571428571428,416.2857142857143,299.2857142857143,0.2857142857142857,3.2857142857142856,38.07142857142857,16.214285714285715,6.928571428571429,0.0,12.071428571428571,0.0,0.0,0.0,0.0,0.0,99.0,0.18138424821002386,139.09307875894987,38.091503267973856,99.9,0.0,0
Ryan Rickelton,14.0,1.0,388.0,257.0,0.0,3.0,47.0,17.0,11.0,5.0,14.0,0.0,0.0,0.0,0.0,0.0,0.0,0.2490272373540856,150.9727626459144,29.846153846153847,99.9,0.0,0
Sai Kishore,8.333333333333334,0.3333333333333333,6.0,5.333333333333333,0.0,0.0,0.0,0.6666666666666666,3.3333333333333335,0.0,8.333333333333334,147.0,217.0,10.666666666666666,0.3333333333333333,0.0,13.0,0.125,112.5,0.75,13.78125,8.857142857142858,0
Sai Sudharsan,10.0,1.0,448.25,307.25,0.5,3.0,45.75,13.0,2.5,0.0,10.0,0.0,0.0,0.0,0.0,0.0,103.0,0.19121236777868186,145.89096826688365,49.80555555555556,99.9,0.0,0
Sam Curran,10.666666666666666,1.9166666666666667,193.08333333333334,145.25,0.0,1.1666666666666667,16.25,7.25,4.583333333333333,0.0,10.666666666666666,205.25,342.4166666666667,9.416666666666666,0.08333333333333333,0.0,88.0,0.16179001721170397,132.93172690763052,22.066666666666666,21.79646017699115,10.009744214372716,0
Sameer Rizvi,6.5,1.0,86.0,61.0,0.0,0.5,7.5,4.5,3.0,0.0,6.5,0.0,0.0,0.0,0.0,0.0,21.0,0.19672131147540983,140.98360655737704,15.636363636363637,99.9,0.0,0
Sandeep Sharma,9.8125,1.0,3.125,3.875,0.0,0.0,0.1875,0.0,2.125,0.0,9.8125,218.875,307.8125,8.9375,0.0,0.1875,9.0,0.04838709677419355,80.64516129032258,0.3546099290780142,24.48951048951049,8.438035408338093,1
Sanju Samson,13.9375,1.875,409.375,276.9375,0.125,2.5625,34.5625,21.0,6.625,1.75,13.9375,0.0,0.0,0.0,0.0,0.0,119.0,0.20063191153238547,147.82216204017152,33.93782383419689,99.9,0.0,1
Sarfaraz Khan,5.5,0.75,66.0,54.25,0.0,0.25,7.75,1.25,1.0,0.0,5.0,0.5,1.5,0.0,0.0,0.0,67.0,0.16589861751152074,121.65898617511522,13.894736842105264,99.9,18.0,1
Shahbaz Ahamad,10.571428571428571,1.7857142857142858,108.21428571428571,88.28571428571429,0.0,0.21428571428571427,5.642857142857143,5.071428571428571,3.7857142857142856,0.0,10.571428571428571,108.85714285714286,181.78571428571428,3.4285714285714284,0.0,0.0,45.0,0.12135922330097088,122.57281553398056,12.317073170731708,31.750000000000004,10.019685039370078,0
Shahrukh Khan,11.0,3.0,145.3846153846154,95.76923076923077,0.0,0.46153846153846156,9.23076923076923,10.0,5.153846153846154,0.0,11.0,4.153846153846154,6.461538461538462,0.23076923076923078,0.0,0.0,58.0,0.2008032128514056,151.80722891566265,18.173076923076923,18.0,9.333333333333332,0
Shardul Thakur,11.25,1.8125,53.875,37.25,0.0,0.1875,4.9375,2.3125,4.375,0.0,11.25,215.1875,352.8125,10.9375,0.375,0.0,68.0,0.19463087248322147,144.63087248322148,5.708609271523179,19.674285714285713,9.837351147255301,1
Shashank Singh,13.666666666666666,4.666666666666667,257.6666666666667,163.33333333333334,0.0,1.6666666666666667,18.666666666666668,14.333333333333334,5.666666666666667,0.0,13.666666666666666,10.0,17.333333333333332,0.3333333333333333,0.0,0.0,0.0,0.2020408163265306,157.75510204081633,28.629629629629633,30.0,10.399999999999999,0
Sherfane Rutherford,5.5,0.8,104.5,75.9,0.0,0.0,7.1,6.4,0.8,0.0,5.5,4.1,5.9,0.1,0.0,0.0,46.0,0.17786561264822134,137.68115942028984,22.23404255319149,40.99999999999999,8.634146341463415,0
Shimron Hetmyer,13.066666666666666,4.4,227.66666666666666,149.6,0.0,0.7333333333333333,14.066666666666666,14.466666666666667,7.133333333333334,0.0,13.066666666666666,0.0,0.0,0.0,0.0,0.0,75.0,0.19073083778966132,152.18360071301248,26.26923076923077,99.9,0.0,0
Shivam Dube,12.6,2.2666666666666666,318.6,214.66666666666666,0.0,1.8666666666666667,18.4,21.466666666666665,3.933333333333333,0.0,12.6,12.266666666666667,25.266666666666666,0.4666666666666667,0.0,0.0,52.0,0.1857142857142857,148.416149068323,30.832258064516136,26.28571428571429,12.35869565217391,0
Shivam Mavi,7.333333333333333,0.8333333333333334,9.5,11.666666666666666,0.0,0.0,0.6666666666666666,0.3333333333333333,4.0,0.0,4.333333333333333,86.16666666666667,119.16666666666667,4.166666666666667,0.16666666666666666,0.0,20.0,0.08571428571428572,81.42857142857143,1.4615384615384615,20.68,8.297872340425531,0
Shreyas Gopal,5.4,0.9,18.4,15.6,0.0,0.0,2.2,0.2,1.3,0.0,5.4,99.6,139.7,5.3,0.1,0.0,24.0,0.15384615384615388,117.94871794871796,4.088888888888889,18.79245283018868,8.415662650602409,1
Shreyas Iyer,14.846153846153847,3.230769230769231,433.53846153846155,302.61538461538464,0.0,3.3076923076923075,36.23076923076923,19.076923076923077,7.0,0.0,14.846153846153847,1.3846153846153846,1.6153846153846154,0.0,0.0,0.0,85.0,0.18276563294356887,143.26385358413827,37.324503311258276,99.9,7.0,1
Shubham Dubey,6.5,2.5,69.5,42.5,0.0,0.0,4.5,5.0,0.5,0.0,6.5,0.0,0.0,0.0,0.0,0.0,25.0,0.2235294117647059,163.52941176470588,17.375,99.9,0.0,0
Shubman Gill,14.875,1.9375,547.75,378.5625,0.75,3.625,52.625,17.8125,5.5625,0.0,14.875,0.0,0.0,0.0,0.0,0.0,129.0,0.18606570909691267,144.6920917946178,42.33816425120773,99.9,0.0,0
Sunil Narine,13.5625,1.3125,197.5625,115.1875,0.1875,0.75,19.9375,13.875,3.125,0.0,13.5625,304.25,357.4375,12.1875,0.0625,0.0,109.0,0.2935431361909929,171.5138361367336,16.127551020408163,24.964102564102564,7.048890714872638,1
Suryakumar Yadav,13.736842105263158,2.473684210526316,515.4736842105264,319.2631578947368,0.3157894736842105,3.9473684210526314,52.26315789473684,24.263157894736842,5.526315789473684,0.0,13.736842105263158,0.0,0.0,0.0,0.0,0.0,82.0,0.2396966699637323,161.45730300032972,45.76635514018692,99.9,0.0,1
Suryansh Shedge,5.0,0.0,7.0,11.0,0.0,0.0,0.0,0.0,1.0,0.0,5.0,18.0,40.0,0.0,0.0,0.0,4.0,0.0,63.63636363636363,1.4,99.9,13.333333333333334,0
Suyash Sharma,9.0,0.0,0.0,0.0,0.0,0.0,0.0,0.0,0.6666666666666666,0.0,9.0,186.0,271.3333333333333,6.0,0.0,0.0,0.0,0.0,0.0,0.0,31.0,8.75268817204301,0
Swapnil Singh,4.5,2.0,19.5,12.5,0.0,0.0,1.5,1.5,1.0,0.0,4.5,51.0,75.5,3.0,0.0,0.0,0.0,0.24,156.0,7.8,17.0,8.882352941176471,1
T. Natarajan,9.642857142857142,0.21428571428571427,0.21428571428571427,0.35714285714285715,0.0,0.0,0.0,0.0,1.5,0.0,9.642857142857142,213.35714285714286,325.92857142857144,11.357142857142858,0.21428571428571427,0.0,0.0,0.0,60.0,0.022727272727272724,18.78616352201258,9.165718111817878,1
Tim David,11.384615384615385,4.153846153846154,195.07692307692307,112.15384615384616,0.0,0.23076923076923078,12.461538461538462,13.846153846153847,6.6923076923076925,0.0,11.384615384615385,0.0,0.0,0.0,0.0,0.0,46.0,0.2345679012345679,173.93689986282575,26.978723404255316,99.9,0.0,0
Tim Seifert,1.75,0.0,18.5,15.25,0.0,0.0,3.0,0.0,0.75,0.0,1.5,0.0,0.0,0.0,0.0,0.0,21.0,0.19672131147540983,121.31147540983606,10.571428571428571,99.9,0.0,0
Tom Banton,2.0,0.0,18.0,20.0,0.0,0.0,1.0,1.0,0.0,0.0,2.0,0.0,0.0,0.0,0.0,0.0,10.0,0.1,90.0,9.0,99.9,0.0,0
Travis Head,14.0,0.5,470.5,263.0,0.5,3.5,57.0,23.5,1.5,0.0,14.0,5.0,16.0,0.0,0.0,0.0,102.0,0.3060836501901141,178.89733840304183,34.851851851851855,99.9,19.200000000000003,1
Trent Boult,13.875,2.8125,14.0,12.3125,0.0,0.0,0.9375,0.4375,3.5,0.0,13.875,305.0,424.0,16.375,0.25,0.0,15.0,0.1116751269035533,113.70558375634519,1.265536723163842,18.625954198473284,8.340983606557376,1
Tristan Stubbs,8.0,3.25,176.25,108.0,0.0,0.75,12.75,9.25,4.25,0.25,8.0,9.0,17.25,1.0,0.0,0.0,20.0,0.2037037037037037,163.19444444444443,37.10526315789474,9.0,11.5,0
Tushar Deshpande,9.846153846153847,1.2307692307692308,3.230769230769231,3.230769230769231,0.0,0.0,0.15384615384615385,0.07692307692307693,1.6923076923076923,0.0,9.846153846153847,207.0,335.7692307692308,11.307692307692308,0.23076923076923078,0.0,3.0,0.07142857142857142,100.0,0.37499999999999994,18.30612244897959,9.732441471571907,0
Umran Malik,7.2,1.2,6.9,4.8,0.0,0.0,0.3,0.6,1.8,0.0,0.3,7.2,9.6,0.2,0.0,0.0,0.0,0.1875,143.75000000000003,1.1500000000000001,36.0,8.0,0
Urvil Patel,3.0,0.0,68.0,32.0,0.0,0.0,5.0,6.0,2.0,0.0,3.0,0.0,0.0,0.0,0.0,0.0,37.0,0.34375,212.5,22.666666666666668,99.9,0.0,0
Vaibhav Arora,8.0,1.5,2.25,6.0,0.0,0.0,0.0,0.0,2.25,0.0,8.0,159.5,254.0,9.0,0.0,0.0,2.0,0.0,37.5,0.34615384615384615,17.72222222222222,9.55485893416928,0
Vaibhav Suryavanshi,7.0,0.0,252.0,122.0,1.0,1.0,18.0,24.0,0.0,0.0,7.0,0.0,0.0,0.0,0.0,0.0,101.0,0.3442622950819672,206.55737704918033,36.0,99.9,0.0,0
Varun Chakaravarthy,12.666666666666666,1.4,3.6,6.866666666666666,0.0,0.0,0.4,0.0,2.6666666666666665,0.0,12.666666666666666,279.2,365.1333333333333,15.2,0.2,0.06666666666666667,1.0,0.05825242718446603,52.42718446601942,0.31952662721893493,18.36842105263158,7.846704871060172,0
Venkatesh Iyer,12.76923076923077,1.4615384615384615,281.84615384615387,202.3846153846154,0.23076923076923078,2.1538461538461537,25.692307692307693,12.846153846153847,4.0,0.0,12.76923076923077,10.846153846153847,22.384615384615383,0.23076923076923078,0.0,0.0,104.0,0.1904218928164196,139.26263778031168,24.92517006802721,47.0,12.382978723404255,0
Vignesh Puthur,5.0,0.0,0.0,0.0,0.0,0.0,0.0,0.0,2.0,0.0,5.0,72.0,109.0,6.0,0.0,0.0,0.0,0.0,0.0,0.0,12.0,9.083333333333332,0
Vipraj Nigam,14.0,1.0,142.0,79.0,0.0,0.0,15.0,8.0,3.0,0.0,14.0,234.0,356.0,11.0,0.0,0.0,39.0,0.2911392405063291,179.74683544303798,10.923076923076923,21.272727272727273,9.128205128205128,0
Virat Kohli,14.875,2.1875,562.4375,405.25,0.625,4.6875,52.4375,18.375,7.6875,0.0,14.875,0.0,0.0,0.0,0.0,0.0,100.0,0.17473781616286244,138.78778531770513,44.330049261083744,99.9,0.0,1
Vishnu Vinod,3.0,0.0,37.0,31.0,0.0,0.0,2.0,2.0,1.0,0.0,3.0,0.0,0.0,0.0,0.0,0.0,30.0,0.12903225806451613,119.35483870967742,12.333333333333334,99.9,0.0,1
Vyshak Vijaykumar,5.333333333333333,0.6666666666666666,4.666666666666667,4.0,0.0,0.0,0.0,0.3333333333333333,1.6666666666666667,0.0,5.333333333333333,111.0,192.0,5.666666666666667,0.0,0.0,0.0,0.08333333333333333,116.66666666666667,1.0000000000000002,19.588235294117645,10.378378378378379,0
Wanindu Hasaranga,10.7,1.0,24.1,26.0,0.0,0.0,2.1,0.3,1.5,0.0,10.7,232.2,323.7,13.8,0.6,0.3,18.0,0.0923076923076923,92.6923076923077,2.4845360824742273,16.82608695652174,8.364341085271318,0
Washington Sundar,6.4375,0.75,68.125,50.8125,0.0,0.0,5.75,2.25,1.375,0.0,6.4375,104.8125,149.3125,3.4375,0.0,0.0,49.0,0.15744157441574416,134.07134071340715,11.978021978021978,30.490909090909092,8.547406082289804,1
Will Jacks,10.5,1.0,231.5,151.5,0.5,1.0,19.0,14.5,4.5,0.0,10.5,69.0,110.0,4.0,0.0,0.0,53.0,0.22112211221122113,152.8052805280528,24.36842105263158,17.25,9.565217391304348,0
Xavier Bartlett,4.0,0.0,11.0,15.0,0.0,0.0,1.0,0.0,5.0,0.0,4.0,60.0,96.0,2.0,0.0,0.0,11.0,0.06666666666666667,73.33333333333333,2.75,30.0,9.600000000000001,0
Yash Dayal,10.75,0.25,1.0,2.25,0.0,0.0,0.0,0.0,2.0,0.0,10.75,217.75,347.5,10.25,0.0,0.0,3.0,0.0,44.44444444444444,0.09523809523809523,21.24390243902439,9.575200918484501,0
Yash Thakur,7.0,0.0,0.0,0.0,0.0,0.0,0.0,0.0,0.6666666666666666,0.0,7.0,147.66666666666666,256.6666666666667,8.333333333333334,0.3333333333333333,0.3333333333333333,0.0,0.0,0.0,0.0,17.72,10.428893905191876,0
Yashasvi Jaiswal,12.5,0.6428571428571429,422.85714285714283,273.35714285714283,0.42857142857142855,3.0714285714285716,50.42857142857143,18.0,5.428571428571429,0.0,12.5,0.21428571428571427,1.2857142857142858,0.0,0.0,0.0,124.0,0.2503266266004704,154.69035798275414,35.662650602409634,99.9,36.00000000000001,0
Yudhvir Singh Charak,3.0,0.0,7.333333333333333,5.333333333333333,0.0,0.0,0.3333333333333333,0.6666666666666666,0.0,0.0,3.0,46.0,84.33333333333333,2.6666666666666665,0.0,0.0,14.0,0.1875,137.5,2.444444444444444,17.25,11.0,0
Yuzvendra Chahal,14.875,0.5,2.0,4.625,0.0,0.0,0.0,0.0,2.125,0.0,14.875,330.375,458.3125,19.6875,1.1875,0.1875,5.0,0.0,43.24324324324324,0.1391304347826087,16.78095238095238,8.32349602724177,1
Zeeshan Ansari,10.0,0.0,0.0,0.0,0.0,0.0,0.0,0.0,4.0,0.0,10.0,203.0,333.0,6.0,0.0,0.0,0.0,0.0,0.0,0.0,33.833333333333336,9.842364532019705,0
